Shipping Type,revenue
Standard,14387037.620000001
Expedited,8430385.58
Same Day,8292376.5
Overnight,5887722.5200000005
Express,5632093.35
